feature,lag,correlation
sef_budget,0,0.6865263706043807
sef_budget,1,0.6692462286036022
sef_budget,2,0.618761112142112
sef_budget,3,0.5508100627722382
sef_campaigns,0,0.33435634755636723
sef_campaigns,1,0.29097536495205983
sef_campaigns,2,0.27168138763951427
sef_campaigns,3,0.2683256030892891
sef_index,0,0.5447108697508709
sef_index,1,0.3672550532793317
sef_index,2,0.061054572958314304
sef_index,3,-0.2728437739623018
