fold,method,mae,rmse,smape
1,naive,10.285833333333334,11.318717904427164,0.07257643938818517
1,seasonal_naive,12.075833333333337,14.864922076261733,0.08591135311898285
1,sarima,61.31968576554035,79.30706834824551,0.33284280561083396
1,ets,23.27327429374837,26.790533295367506,0.1532920400452962
1,random_forest,12.807136111111099,15.347264133699463,0.09143978971854022
